Title,Source,Published At,Description,URL
"India's TCS, Transamerica agree to end administration agreement - Reuters",Google News,2023-06-16T04:41:00Z,"India's TCS, Transamerica agree to end administration agreement  Reuters",https://consent.google.com/ml?continue=https://news.google.com/rss/articles/CBMibGh0dHBzOi8vd3d3LnJldXRlcnMuY29tL21hcmtldHMvZGVhbHMvaW5kaWFzLXRjcy10cmFuc2FtZXJpY2EtYWdyZWUtZW5kLWFkbWluaXN0cmF0aW9uLWFncmVlbWVudC0yMDIzLTA2LTE2L9IBAA?oc%3D5&gl=FR&hl=en-US&cm=2&pc=n&src=1
India's TCS receives $1.83 bln-worth advance purchase order from ... - Reuters India,Google News,2023-05-22T05:56:00Z,India's TCS receives $1.83 bln-worth advance purchase order from ...  Reuters India,https://consent.google.com/ml?continue=https://news.google.com/rss/articles/CBMibWh0dHBzOi8vd3d3LnJldXRlcnMuY29tL3dvcmxkL2luZGlhL2luZGlhcy10Y3MtcmVjZWl2ZXMtMTgzLWJsbi13b3J0aC1hZHZhbmNlLXB1cmNoYXNlLW9yZGVyLWJzbmwtMjAyMy0wNS0yMi_SAQA?oc%3D5&gl=FR&hl=en-US&cm=2&pc=n&src=1
Activist investor TCS Capital calls on Yelp to explore sale - WSJ - Reuters,Google News,2023-05-22T23:35:00Z,Activist investor TCS Capital calls on Yelp to explore sale - WSJ  Reuters,https://consent.google.com/ml?continue=https://news.google.com/rss/articles/CBMia2h0dHBzOi8vd3d3LnJldXRlcnMuY29tL21hcmtldHMvZGVhbHMvYWN0aXZpc3QtaW52ZXN0b3ItdGNzLWNhcGl0YWwtY2FsbHMteWVscC1leHBsb3JlLXNhbGUtd3NqLTIwMjMtMDUtMjIv0gEA?oc%3D5&gl=FR&hl=en-US&cm=2&pc=n&src=1
Top 10 Web development companies in 2023,ReadWrite,2023-06-12T18:00:21Z,"In the highly challenging business environment, web development has become essential. Businesses are seeking creative methods to enhance their online presence as the digital world is always changing. Due to this, the majority of web development firms that foc…",https://readwrite.com/top-10-web-development-companies-in-2023/
More women quit their jobs at India’s largest IT firm after it scrapped remote work,Business Insider,2023-06-14T12:58:09Z,"Tata Consultancy Services ordered employees back to the office three days a week last year. Since then, it has seen more female employees quit.",https://www.businessinsider.com/remote-work-scrapped-more-women-quit-jobs-indian-it-firm-2023-6
Formula E’s Gen3 car is living up to its potential after a rocky start,Engadget,2023-05-26T13:00:07Z,"We’re in the midst of a three-week break in the Formula E calendar, so now is a good time to take stock of the season so far. This is the ninth season of the all-electric racing series, but it’s the first of the Gen3 era. The new car is a massive leap forward…",https://www.engadget.com/formula-e-gen3-car-is-living-up-to-its-potential-after-a-rocky-start-130007090.html
Here's why the US could still be considered in default even if it keeps paying its debt,Business Insider,2023-05-24T10:26:07Z,Insider's Phil Rosen breaks down why credit agencies could still downgrade the country's creditworthiness in a no-default scenario.,https://www.businessinsider.com/debt-ceiling-default-yellen-treasury-markets-investors-finance-atlantic-council-2023-5
End of Remote Work Pushes Women Out of India’s Largest IT Firm,Yahoo Entertainment,2023-06-12T12:24:20Z,(Bloomberg) -- An end to remote work at India’s largest software firm had an unintended causality — more female employees decided not to return to the office...,https://finance.yahoo.com/news/end-remote-pushes-women-india-122420256.html
"TCS, Transamerica end $2 billion contract due to macro environment",The Indian Express,2023-06-16T07:29:52Z,"The 10-year contract, signed in early 2018, involved TCS working with US-based Transameria to enable the digitisation of more than 10 million policies into a single integrated platform.",https://indianexpress.com/article/business/companies/tcs-transamerica-2-billion-contract-end-8666315/
Why Yelp Stock Jumped Today,Motley Fool,2023-05-23T15:52:51Z,Does the stock have 100% upside potential?,https://www.fool.com/investing/2023/05/23/why-yelp-stock-jumped-today/
These 2 Stocks Are Rising in a Down Market,Motley Fool,2023-05-23T13:41:57Z,These companies are defying concerns about a U.S. debt default.,https://www.fool.com/investing/2023/05/23/these-2-stocks-are-rising-in-a-down-market/
Yelp Shares Surge After Activist Pushes Firm to Look Into Sale,Yahoo Entertainment,2023-05-23T00:13:37Z,(Bloomberg) -- Yelp shares surged following the Wall Street Journal’s report that an activist investor has called for the company to look into a sale and...,https://finance.yahoo.com/news/yelp-shares-surge-activist-pushes-001337500.html
"Stocks making the biggest moves midday: Yelp, AutoZone, Lowe's, Apple and more",Biztoc.com,2023-05-23T16:42:06Z,Yelp Inc. signage is displayed on a monitor on the floor of the New York Stock Exchange (NYSE) in New York. Check out the companies making headlines in midday trading. Yelp — Shares of the online reviewing company jumped more than 9% after activist investor T…,https://biztoc.com/x/c94526be470efc60
"Sensex slips 130 pts, Nifty down to 18,733; IndusInd Bank, Infosys, TCS lose",The Indian Express,2023-06-15T04:18:47Z,"IT stocks were the biggest losers in the opening trade, dragging the indices, after JP Morgan reiterated its negative stance on Indian information technology (IT) services.",https://indianexpress.com/article/business/market/stock-market-live-sensex-nifty-indusind-tcs-infosys-8663687/
【Computex 2023】Arm CEO Rene Haas：AI 運算需求前所未見，我們正處在一個黃金時代！,Inside.com.tw,2023-05-29T08:27:00Z,Rene Haas 說道，「我已經是這個業界的老人了，但我仍會說這是前所未見的。我們在一個黃金時代，運算需求很強大，且將改變一切。」,https://www.inside.com.tw/article/31775-Arm-Computex-2023
TCS to offer generative AI services to clients using Google tech | Mint - Mint,Google News,2023-05-22T10:07:13Z,TCS to offer generative AI services to clients using Google tech | Mint  Mint,https://consent.google.com/ml?continue=https://news.google.com/rss/articles/CBMifGh0dHBzOi8vd3d3LmxpdmVtaW50LmNvbS9jb21wYW5pZXMvbmV3cy90Y3MtdG8tb2ZmZXItZ2VuZXJhdGl2ZS1haS1zZXJ2aWNlcy10by1jbGllbnRzLXVzaW5nLWdvb2dsZS10ZWNoLTExNjg0NzQ5MDU1MDIyLmh0bWzSAYABaHR0cHM6Ly93d3cubGl2ZW1pbnQuY29tL2NvbXBhbmllcy9uZXdzL3Rjcy10by1vZmZlci1nZW5lcmF0aXZlLWFpLXNlcnZpY2VzLXRvLWNsaWVudHMtdXNpbmctZ29vZ2xlLXRlY2gvYW1wLTExNjg0NzQ5MDU1MDIyLmh0bWw?oc%3D5&gl=FR&hl=en-US&cm=2&pc=n&src=1
"Sym Maxsym Tl 508 Tcs, maxiscooter che sfida il T-Max",Gazzetta.it,2023-06-07T08:08:57Z,"Bicilindrico da 508 cc, 45 cavalli di potenza, controllo di trazione e con un prezzo di listino di 9.499 euro, il tutto senza rinunciare alla qualità. Il MaxSym Tl 508 Tcs mostra muscoli e tanto carattere. Ecco come va",https://www.gazzetta.it/motori/la-mia-moto/prove-scooter/07-06-2023/sym-maxsym-maxiscooter-tl-508-tcs-prova-su-strada.shtml
"Can new CEOs at TCS, Tech Mahindra bring a turnaround? 10-year history says no - Economic Times",Google News,2023-06-19T06:44:00Z,"Can new CEOs at TCS, Tech Mahindra bring a turnaround? 10-year history says no  Economic Times",https://consent.google.com/ml?continue=https://news.google.com/rss/articles/CBMinwFodHRwczovL2Vjb25vbWljdGltZXMuaW5kaWF0aW1lcy5jb20vbWFya2V0cy9zdG9ja3MvbmV3cy9jYW4tbmV3LWNlb3MtYXQtdGNzLXRlY2gtbWFoaW5kcmEtYnJpbmctYS10dXJuYXJvdW5kLTEwLXllYXItaGlzdG9yeS1zYXlzLW5vL2FydGljbGVzaG93LzEwMTEwMDA4NS5jbXPSAZoBaHR0cHM6Ly9tLmVjb25vbWljdGltZXMuY29tL21hcmtldHMvc3RvY2tzL25ld3MvY2FuLW5ldy1jZW9zLWF0LXRjcy10ZWNoLW1haGluZHJhLWJyaW5nLWEtdHVybmFyb3VuZC0xMC15ZWFyLWhpc3Rvcnktc2F5cy1uby9hbXBfYXJ0aWNsZXNob3cvMTAxMTAwMDg1LmNtcw?oc%3D5&gl=FR&hl=en-US&cm=2&pc=n&src=1
More women quit their jobs at India’s largest IT firm after it scrapped remote work,Biztoc.com,2023-06-14T14:00:05Z,"India's IT giant saw more women quit after it scrapped remote working policies. Kuni Takahashi/Getty Images Tata Consultancy Services, India's largest IT firm, saw more female employees quit the past year. The company said it felt this change was influenced b…",https://biztoc.com/x/8df3fc1581766c4c
"Can new CEOs at TCS, Tech Mahindra bring a turnaround? 10-year history says no - The Economic Times",Google News,2023-06-19T06:45:22Z,"Can new CEOs at TCS, Tech Mahindra bring a turnaround? 10-year history says no  The Economic Times",https://consent.google.com/ml?continue=https://news.google.com/rss/articles/CBMilgFodHRwczovL20uZWNvbm9taWN0aW1lcy5jb20vbWFya2V0cy9zdG9ja3MvbmV3cy9jYW4tbmV3LWNlb3MtYXQtdGNzLXRlY2gtbWFoaW5kcmEtYnJpbmctYS10dXJuYXJvdW5kLTEwLXllYXItaGlzdG9yeS1zYXlzLW5vL2FydGljbGVzaG93LzEwMTEwMDA4NS5jbXPSAZoBaHR0cHM6Ly9tLmVjb25vbWljdGltZXMuY29tL21hcmtldHMvc3RvY2tzL25ld3MvY2FuLW5ldy1jZW9zLWF0LXRjcy10ZWNoLW1haGluZHJhLWJyaW5nLWEtdHVybmFyb3VuZC0xMC15ZWFyLWhpc3Rvcnktc2F5cy1uby9hbXBfYXJ0aWNsZXNob3cvMTAxMTAwMDg1LmNtcw?oc%3D5&gl=FR&hl=en-US&cm=2&pc=n&src=1
"Holidays booked with foreign tour operators escape 20% TCS, but Indian tour operators must collect this tax",Moneycontrol,2023-06-05T02:19:11Z,"The 20% Tax Collected at Source (TCS) rule for overseas tour packages seems to have a loophole. Booking such a package with an Indian tour operator attracts TCS right away. With a foreign tour operator, you can escape TCS until international payments on your …",https://www.moneycontrol.com/news/business/personal-finance/holidays-booked-with-foreign-tour-operators-escape-20-tcs-but-indian-tour-operators-must-collect-this-tax-10740851.html
"TCS of 20% on international spends, credit cards under LRS: Finminâs Rs 7-lakh relaxation a relief, but confusion far from over",Moneycontrol,2023-05-20T15:04:25Z,"International credit card spends are under LRS from May 16 and the 20 percent TCS will kick in from July 1, 2023. Until June 30, TCS at the rate of 5 percent will apply.",https://www.moneycontrol.com/news/business/personal-finance/tcs-of-20-on-international-spends-credit-cards-under-lrs-finmins-rs-7-lakh-relaxation-a-relief-but-confusion-far-from-over-10629941.html
"Sensex soars 233 pts, Nifty rises above 18,750; all sectors trade in green",The Indian Express,2023-06-16T04:06:27Z,"By 9.30 am, all sectors turned green, as the Nifty Metal index gained 0.97 per cent, and the realty index jumped 0.96 per cent.",https://indianexpress.com/article/business/market/stock-market-live-sensex-nifty-ikio-lighting-indigo-reliance-hero-moto-8665861/
"Sensex, Nifty trade flat; metal stocks rally",The Indian Express,2023-06-14T04:04:02Z,"Sectorally, the media index gained 1.03 per cent, followed by Nifty Metal at 0.98 per cent.",https://indianexpress.com/article/business/market/stock-market-today-sensex-nifty-live-adani-group-zee-8661722/
"TCS doesnât apply only to your foreign currency spending, domestic purchases too can bear its brunt",Moneycontrol,2023-05-26T03:18:51Z,"Apart from paying Tax Collected at Source (TCS) on foreign remittances and on purchases of overseas tour packages, you also have to pay TCS if you buy a car that costs over Rs 10 lakh.",https://www.moneycontrol.com/news/business/personal-finance/tcs-doesnt-apply-only-to-your-foreign-currency-spending-domestic-purchases-too-can-bear-its-brunt-10664401.html
"TCS rules on foreign tours, magazine subscriptions, iTunes, international equitiesâ¦ all doubts clarified",Moneycontrol,2023-05-22T13:57:01Z,"The government partially rolled back the 20% tax collected at source (TCS) rule for international spends on credit cards. Now, only those who spend more than Rs 7 lakh will come under the Liberalised Remittance Scheme and be subject to TCS.",https://www.moneycontrol.com/news/business/personal-finance/tcs-rules-on-foreign-tours-magazine-subscriptions-itunes-international-equities-all-doubts-clarified-10639211.html
TCS Group Holding First Quarter 2023 Earnings: EPS: ₽80.80 (vs ₽7.15 in 1Q 2022),Yahoo Entertainment,2023-05-31T05:00:35Z,TCS Group Holding ( LON:TCS ) First Quarter 2023 Results Key Financial Results Revenue: ₽53.0b (up 70% from 1Q 2022...,https://finance.yahoo.com/news/tcs-group-holding-first-quarter-050035746.html
Индекс Мосбиржи превысил 2700 пунктов впервые за год,Vedomosti.ru,2023-05-29T14:10:50Z,"Эксперты ожидают дальнейшего роста индекса, если не вмешается геополитика",https://www.vedomosti.ru/investments/articles/2023/05/29/977473-indeks-mosbirzhi-previsil
Simply Save: How 20% TCS will affect your investments in foreign stocks and property abroad,Moneycontrol,2023-05-24T12:29:01Z,The recently announced 20% tax collected at source on international spends via credit cards has come as a rude shock to those planning a holiday abroad. But itâs worth remembering that these are not the only overseas spends that attract TCS. In a conversati…,https://www.moneycontrol.com/news/podcast/simply-save-how-20-percent-tcs-will-affect-your-investments-in-foreign-stocks-and-property-abroad-10653901.html
Women are quitting India's biggest IT firm as it ends work-from-home,Yahoo Entertainment,2023-06-12T08:35:00Z,An end to Tata Consultancy Services’ (TCS) work-from-home policy may be pushing its woman employees to quit.,https://finance.yahoo.com/news/women-quitting-indias-biggest-firm-083500047.html
"TCS on international credit card transactions to increase financial, compliance burden for individual travellers",Moneycontrol,2023-05-19T05:08:16Z,"International transactions via credit cards have been brought under the RBIâs Liberalized Remittance Scheme or LRS from May 16, 2023. From July 1, 2023, there will be 20 percent TCS on them with no minimum threshold.",https://www.moneycontrol.com/news/business/personal-finance/tcs-on-international-credit-card-transactions-to-increase-financial-compliance-burden-for-individual-travellers-10620431.html
Der Gotthardtunnel ist wegen technischer Probleme in beide Richtungen gesperrt,Www.nzz.ch,2023-05-26T08:48:08Z,Das Pfingstwochenende hat begonnen und mit ihm werden lange Staus vorm Gotthard erwartet. Los geht es mit einer Vollsperrung von ungewisser Dauer.,https://www.nzz.ch/schweiz/gotthard-tunnel-wegen-technischer-probleme-in-beide-richtungen-gesperrt-ld.1739789
Российский рынок юаневых бондов может удвоиться в этом году,Vedomosti.ru,2023-06-14T20:19:21Z,"Объем размещений достигнет 80–90 млрд юаней, оценивают эксперты",https://www.vedomosti.ru/investments/articles/2023/06/14/980363-rossiiskii-rinok-yuanevih-bondov-mozhet-udvoitsya
"TDS, TCS arenât money lost forever, you can adjust or claim it back",Moneycontrol,2023-05-25T05:45:02Z,"Low-income earners need to track tax collected and deducted to receive refunds. TDS is not final tax liability, total tax depends on your tax bracket.",https://www.moneycontrol.com/news/business/personal-finance/tds-tcs-arent-money-lost-forever-you-can-adjust-or-claim-it-back-10658241.html
Investor TCS Capital calls on Yelp to explore sale or merger with Angi,Yahoo Entertainment,2023-05-23T11:20:16Z,"TCS Capital, which is one of Yelp's top shareholders with a stake of more than 4%, said the company was ""shockingly undervalued.""  ""As a former board member ...",https://finance.yahoo.com/news/tcs-capital-calls-yelp-explore-112016142.html
"Ex-CEO of TCS, India's largest IT firm, earned lesser than Infosys and Wipro CEOs - Moneycontrol",Google News,2023-06-07T05:43:01Z,"<ol><li>Ex-CEO of TCS, India's largest IT firm, earned lesser than Infosys and Wipro CEOs  Moneycontrol
</li><li>TCS says it is out of “vicious cycle” of hiring and counter hiring | Mint  Mint
</li><li>TCS COO Salary: TCS top brass salary jumps 120% in thre…",https://consent.google.com/ml?continue=https://news.google.com/rss/articles/CBMihQFodHRwczovL3d3dy5tb25leWNvbnRyb2wuY29tL25ld3MvdHJlbmRzL2V4LXRjcy1jZW8tcmFqZXNoLWdvcGluYXRoYW4tZWFybmVkLWxlc3Nlci10aGFuLWluZm9zeXMtYW5kLXdpcHJvLWNlb3MtaW4tZnkyMy0xMDc1NjMxMS5odG1s0gGJAWh0dHBzOi8vd3d3Lm1vbmV5Y29udHJvbC5jb20vbmV3cy90cmVuZHMvZXgtdGNzLWNlby1yYWplc2gtZ29waW5hdGhhbi1lYXJuZWQtbGVzc2VyLXRoYW4taW5mb3N5cy1hbmQtd2lwcm8tY2Vvcy1pbi1meTIzLTEwNzU2MzExLmh0bWwvYW1w?oc%3D5&gl=FR&hl=en-US&cm=2&pc=n&src=1
ЦБ продлил разрешение заключать сделки со страховщиками с недружественными акционерами,Vedomosti.ru,2023-06-14T21:37:10Z,Доля таких компаний составляет 40% рынка,https://www.vedomosti.ru/finance/articles/2023/06/15/980361-tsb-prodlil-razreshenie-zaklyuchat-sdelki-so-strahovschikami-s-nedruzhestvennimi-aktsionerami
"India's largest IT firm TCS paid ₹30 crore salary to former CEO Rajesh Gopinathan in FY23, sees 118% jump in 3 years | Mint - Mint",Google News,2023-06-07T16:29:13Z,"<ol><li>India's largest IT firm TCS paid ₹30 crore salary to former CEO Rajesh Gopinathan in FY23, sees 118% jump in 3 years | Mint  Mint
</li><li>TCS to invest in AI capabilities, says chairman N Chandrasekaran  Moneycontrol
</li><li>TCS COO Salary: TCS to…",https://consent.google.com/ml?continue=https://news.google.com/rss/articles/CBMioAFodHRwczovL3d3dy5saXZlbWludC5jb20vY29tcGFuaWVzL25ld3MvdGNzLWZvcm1lci1jZW8tcmFqZXNoLWdvcGluYXRoYW4tc2FsYXJ5LWF0LXJzLTMwLWNyb3JlLWluLWZ5MjMtaXMtaXQtYmV0dGVyLXRoYW4tb3RoZXItaXQtZmlybXMtY2Vvcy0xMTY4NjE0OTMwNjgzNC5odG1s0gGkAWh0dHBzOi8vd3d3LmxpdmVtaW50LmNvbS9jb21wYW5pZXMvbmV3cy90Y3MtZm9ybWVyLWNlby1yYWplc2gtZ29waW5hdGhhbi1zYWxhcnktYXQtcnMtMzAtY3JvcmUtaW4tZnkyMy1pcy1pdC1iZXR0ZXItdGhhbi1vdGhlci1pdC1maXJtcy1jZW9zL2FtcC0xMTY4NjE0OTMwNjgzNC5odG1s?oc%3D5&gl=FR&hl=en-US&cm=2&pc=n&src=1
"Time is right for India-US trade to grow exponentially, says TCS North America head",Moneycontrol,2023-06-16T06:31:42Z,"India-US bilateral trade has been on the rise since 2000, but from 2020 to 2022, it has grown from USD 120 billion to USD 191 billion.",https://www.moneycontrol.com/news/business/time-is-right-for-india-us-trade-to-grow-exponentially-says-tcs-north-america-head-10807661.html
"India's TCS, Transamerica end $2 billion contract due to macro environment",Yahoo Entertainment,2023-06-16T04:41:06Z,BENGALURU (Reuters) -Indian information technology (IT) company Tata Consultancy Services said on Friday it has mutually agreed with insurance provider...,https://finance.yahoo.com/news/indias-tcs-transamerica-agree-end-044106135.html
TCS' $2 billion agreement with Transamerica ends earlier than planned - CNBCTV18,Google News,2023-06-16T03:38:05Z,"<ol><li>TCS' $2 billion agreement with Transamerica ends earlier than planned  CNBCTV18
</li><li>Blow for TCS! Transamerica Life Insurance cuts short $2 billion contract with Indian IT giant  Business Today
</li><li>Transamerica nixes $2 bn TCS pact to focu…",https://consent.google.com/ml?continue=https://news.google.com/rss/articles/CBMiigFodHRwczovL3d3dy5jbmJjdHYxOC5jb20vdGVjaG5vbG9neS90Y3MtdHJhbnNhbWVyaWNhLW11dHVhbC1lbmQtdG8tYWRtaW5pc3RyYXRpb24tYWdyZWVtZW50LTItYmlsbGlvbi1sYXJnZXN0LWRlYWwtdHJhbnNpdGlvbi0xNjk0Njc2MS5odG3SAY4BaHR0cHM6Ly93d3cuY25iY3R2MTguY29tL3RlY2hub2xvZ3kvdGNzLXRyYW5zYW1lcmljYS1tdXR1YWwtZW5kLXRvLWFkbWluaXN0cmF0aW9uLWFncmVlbWVudC0yLWJpbGxpb24tbGFyZ2VzdC1kZWFsLXRyYW5zaXRpb24tMTY5NDY3NjEuaHRtL2FtcA?oc%3D5&gl=FR&hl=en-US&cm=2&pc=n&src=1
Buy TCS; target of Rs 3860: Motilal Oswal,Moneycontrol,2023-06-12T07:51:02Z,"Motilal Oswal is bullish on TCS recommended buy rating on the stock with a target price of Rs 3860 in its research report dated June 10, 2023.",https://www.moneycontrol.com/news/business/stocks/buy-tcs-target-of-rs-3860-motilal-oswal-10782211.html
Chief Economic Advisor writes: Tax on international credit card transactions is fair,The Indian Express,2023-05-20T01:37:32Z,"Those claiming that tax on LRS is perverse miss the point, spread unnecessary panic",https://indianexpress.com/article/opinion/columns/chief-economic-advisor-writes-tax-on-international-credit-card-transactions-is-fair-8618912/
"TCS' new CEO K Krithivasan takes over, read his first email to employees - Times of India",Google News,2023-06-02T02:08:00Z,"<ol><li>TCS' new CEO K Krithivasan takes over, read his first email to employees  Times of India
</li><li>Meet K Krithivasan: TCS Welcomes New Visionary CEO Today; Here's What You Should Know  News18
</li><li>TCS CEO Krithi Krithivasan Sets Out Priorities O…",https://consent.google.com/ml?continue=https://news.google.com/rss/articles/CBMikQFodHRwczovL3RpbWVzb2ZpbmRpYS5pbmRpYXRpbWVzLmNvbS9nYWRnZXRzLW5ld3MvdGNzLW5ldy1jZW8tay1rcml0aGl2YXNhbi10YWtlcy1vdmVyLXJlYWQtaGlzLWZpcnN0LWVtYWlsLXRvLWVtcGxveWVlcy9hcnRpY2xlc2hvdy8xMDA2OTA2MDAuY21z0gEA?oc%3D5&gl=FR&hl=en-US&cm=2&pc=n&src=1
TCS CEO Krithi Krithivasan Sets Out Priorities On First Day - BQ Prime,Google News,2023-06-01T13:04:53Z,"<ol><li>TCS CEO Krithi Krithivasan Sets Out Priorities On First Day  BQ Prime
</li><li>TCS will continue to bet on Cloud, cybersecurity, Gen AI: new CEO K Krithivasan  The Economic Times
</li><li>Meet K Krithivasan: TCS Welcomes New Visionary CEO Today; Her…",https://consent.google.com/ml?continue=https://news.google.com/rss/articles/CBMiXmh0dHBzOi8vd3d3LmJxcHJpbWUuY29tL3RlY2hub2xvZ3kvdGNzLWNlby1rcml0aGkta3JpdGhpdmFzYW4tc2V0cy1vdXQtcHJpb3JpdGllcy1vbi1maXJzdC1kYXnSAWJodHRwczovL3d3dy5icXByaW1lLmNvbS9hbXAvdGVjaG5vbG9neS90Y3MtY2VvLWtyaXRoaS1rcml0aGl2YXNhbi1zZXRzLW91dC1wcmlvcml0aWVzLW9uLWZpcnN0LWRheQ?oc%3D5&gl=FR&hl=en-US&cm=2&pc=n&src=1
New 20% TCS on international credit card spend explained: Travelling abroad or using LRS? Watch to know t - Indiatimes.com,Google News,2023-05-26T03:06:00Z,"<ol><li>New 20% TCS on international credit card spend explained: Travelling abroad or using LRS? Watch to know t  Indiatimes.com
</li><li>20% tax on foreign spending, travel via international credit cards - Explained I TCS, LRS New Rules  Times Of India
</…",https://consent.google.com/ml?continue=https://news.google.com/rss/articles/CBMiuwFodHRwczovL20udGltZXNvZmluZGlhLmNvbS9idXNpbmVzcy9pbmRpYS1idXNpbmVzcy9uZXctMjAtdGNzLW9uLWludGVybmF0aW9uYWwtY3JlZGl0LWNhcmQtc3BlbmQtZXhwbGFpbmVkLXRyYXZlbGxpbmctYWJyb2FkLW9yLXVzaW5nLWxycy13YXRjaC10by1rbm93LXRheC1ydWxlcy9hcnRpY2xlc2hvdy8xMDA1MTU3MzAuY21z0gG_AWh0dHBzOi8vbS50aW1lc29maW5kaWEuY29tL2J1c2luZXNzL2luZGlhLWJ1c2luZXNzL25ldy0yMC10Y3Mtb24taW50ZXJuYXRpb25hbC1jcmVkaXQtY2FyZC1zcGVuZC1leHBsYWluZWQtdHJhdmVsbGluZy1hYnJvYWQtb3ItdXNpbmctbHJzLXdhdGNoLXRvLWtub3ctdGF4LXJ1bGVzL2FtcF9hcnRpY2xlc2hvdy8xMDA1MTU3MzAuY21z?oc%3D5&gl=FR&hl=en-US&cm=2&pc=n&src=1
"Gopinathan steps down as TCS CEO today, Krithivasan to take over on June 1 - The Economic Times",Google News,2023-05-31T00:30:00Z,"<ol><li>Gopinathan steps down as TCS CEO today, Krithivasan to take over on June 1  The Economic Times
</li><li>Rajesh Gopinathan bows out as TCS CEO, keeps mum on future plans  Rediff.com
</li><li>TCS Under Gopinathan's Leadership | Krithivasan To Take Ove…",https://consent.google.com/ml?continue=https://news.google.com/rss/articles/CBMimgFodHRwczovL20uZWNvbm9taWN0aW1lcy5jb20vdGVjaC9pbmZvcm1hdGlvbi10ZWNoL3JhamVzaC1nb3BpbmF0aGFuLWxlYXZlcy10Y3MtdG9kYXktay1rcml0aGl2YXNhbi10by10YWtlLW92ZXItYXMtY2VvLW9uLWp1bmUtMS9hcnRpY2xlc2hvdy8xMDA2MjY3OTAuY21z0gGeAWh0dHBzOi8vbS5lY29ub21pY3RpbWVzLmNvbS90ZWNoL2luZm9ybWF0aW9uLXRlY2gvcmFqZXNoLWdvcGluYXRoYW4tbGVhdmVzLXRjcy10b2RheS1rLWtyaXRoaXZhc2FuLXRvLXRha2Utb3Zlci1hcy1jZW8tb24tanVuZS0xL2FtcF9hcnRpY2xlc2hvdy8xMDA2MjY3OTAuY21z?oc%3D5&gl=FR&hl=en-US&cm=2&pc=n&src=1
TCS Reacts After Report Claims Staff Warned Over Work-From-Office Rule - NDTV,Google News,2023-06-01T06:15:45Z,"<ol><li>TCS Reacts After Report Claims Staff Warned Over Work-From-Office Rule  NDTV
</li><li>TCS warns employees over work from office rules, says action will be taken if they fail to comply  India Today
</li><li>TCS Clarifies On Work From Office Policy Fo…",https://consent.google.com/ml?continue=https://news.google.com/rss/articles/CBMicWh0dHBzOi8vd3d3Lm5kdHYuY29tL2luZGlhLW5ld3MvdGNzLXdhcm5zLWVtcGxveWVlcy1ub3QtZm9sbG93aW5nLXdvcmstZnJvbS1vZmZpY2UtcnVsZS1zZW5kcy1tZW1vLXJlcG9ydC00MDg0NDA20gEA?oc%3D5&gl=FR&hl=en-US&cm=2&pc=n&src=1
Decade of dedication: 20% TCS staff celebrate 10th anniversary | Mint - Mint,Google News,2023-06-08T17:44:36Z,"<ol><li>Decade of dedication: 20% TCS staff celebrate 10th anniversary | Mint  Mint
</li><li>Touted as largest recruiter of women, TCS sees rise in female staff resignation  Hindustan Times
</li><li>The TCS annual report shows women continue to pay a price …",https://consent.google.com/ml?continue=https://news.google.com/rss/articles/CBMisQFodHRwczovL3d3dy5saXZlbWludC5jb20vY29tcGFuaWVzL25ld3MvdGNzLWJvYXN0cy0yMC1vZi1pdHMtZW1wbG95ZWVzLWhhdmUtYmVlbi13aXRoLXRoZS1jb21wYW55LWZvci1vdmVyLWEtZGVjYWRlLWhpZ2hsaWdodGluZy1pdHMtYWJpbGl0eS10by1yZXRhaW4tdGFsZW50LTExNjg2MjQ2Mjc3MjM0Lmh0bWzSAbUBaHR0cHM6Ly93d3cubGl2ZW1pbnQuY29tL2NvbXBhbmllcy9uZXdzL3Rjcy1ib2FzdHMtMjAtb2YtaXRzLWVtcGxveWVlcy1oYXZlLWJlZW4td2l0aC10aGUtY29tcGFueS1mb3Itb3Zlci1hLWRlY2FkZS1oaWdobGlnaHRpbmctaXRzLWFiaWxpdHktdG8tcmV0YWluLXRhbGVudC9hbXAtMTE2ODYyNDYyNzcyMzQuaHRtbA?oc%3D5&gl=FR&hl=en-US&cm=2&pc=n&src=1
TCS sends memos to employees for violating 'Work from Office' diktat | Mint - Mint,Google News,2023-05-31T02:38:49Z,"<ol><li>TCS sends memos to employees for violating 'Work from Office' diktat | Mint  Mint
</li><li>TCS sends memo to staff flouting its WFO diktat  Indiatimes.com
</li><li>TCS issues memo to employees not adhering to office roster  Indiatimes.com
</li><li>…",https://consent.google.com/ml?continue=https://news.google.com/rss/articles/CBMifmh0dHBzOi8vd3d3LmxpdmVtaW50LmNvbS9jb21wYW5pZXMvbmV3cy90Y3Mtc2VuZHMtbWVtb3MtdG8tZW1wbG95ZWVzLWZvci12aW9sYXRpbmctd29yay1mcm9tLW9mZmljZS1kaWt0YXQtMTE2ODU0OTkyNTQzMDQuaHRtbNIBggFodHRwczovL3d3dy5saXZlbWludC5jb20vY29tcGFuaWVzL25ld3MvdGNzLXNlbmRzLW1lbW9zLXRvLWVtcGxveWVlcy1mb3ItdmlvbGF0aW5nLXdvcmstZnJvbS1vZmZpY2UtZGlrdGF0L2FtcC0xMTY4NTQ5OTI1NDMwNC5odG1s?oc%3D5%26hl%3Den-CA%26gl%3DCA%26ceid%3DCA:en&gl=FR&hl=en-CA&cm=2&pc=n&src=1
How 20% TCS on foreign remittances under LRS can impact overseas spend of Indians,Moneycontrol,2023-06-02T07:04:11Z,The new changes could impact high networth individuals making investments overseas and those making payments for the purchase of overseas tour packages.,https://www.moneycontrol.com/news/business/personal-finance/how-20-tcs-on-foreign-remittances-under-lrs-can-impact-overseas-spend-of-indians-10731371.html
"Rs 2,000 withdrawal to boost fight against corruption, says BJPâs Gopal Agarwal",Moneycontrol,2023-05-22T02:46:17Z,Agarwal said the move is in line withÂ Prime Minister Narendra Modiâs vision on eradicating corruption completely.,https://www.moneycontrol.com/news/business/economy/rs-2000-withdrawal-to-boost-fight-against-corruption-says-bjps-gopal-agarwal-10631521.html
"TCS bags Rs 15,000-crore BSNL deal to deploy 4G network across India - Moneycontrol",Google News,2023-05-22T03:58:35Z,"<ol><li>TCS bags Rs 15,000-crore BSNL deal to deploy 4G network across India  Moneycontrol
</li><li>BBC Documentary Live News Updates: Delhi HC issues summons to BBC on defamation suit claiming its documen...  Economic Times
</li><li>TCS, ITI get ₹15,700 cr…",https://consent.google.com/ml?continue=https://news.google.com/rss/articles/CBMiaWh0dHBzOi8vd3d3Lm1vbmV5Y29udHJvbC5jb20vbmV3cy9idXNpbmVzcy90Y3MtYmFncy1ycy0xNTAwMC1jcm9yZS1ic25sLWRlYWwtZm9yLTRnLW5ldHdvcmstMTA2MzM2NjEuaHRtbNIBbWh0dHBzOi8vd3d3Lm1vbmV5Y29udHJvbC5jb20vbmV3cy9idXNpbmVzcy90Y3MtYmFncy1ycy0xNTAwMC1jcm9yZS1ic25sLWRlYWwtZm9yLTRnLW5ldHdvcmstMTA2MzM2NjEuaHRtbC9hbXA?oc%3D5&gl=FR&hl=en-US&cm=2&pc=n&src=1
TCS hike in tour packages sparks concern among cos | Mint - Mint,Google News,2023-05-21T18:13:15Z,"<ol><li>TCS hike in tour packages sparks concern among cos | Mint  Mint
</li><li>TCS of 20% on international spends, credit cards unconstitutional, will be struck down: Sr Adv SS ...  Moneycontrol
</li><li>‘Twitter is new Jantar Mantar for protests,' say ne…",https://consent.google.com/ml?continue=https://news.google.com/rss/articles/CBMibmh0dHBzOi8vd3d3LmxpdmVtaW50LmNvbS9jb21wYW5pZXMvbmV3cy90Y3MtaGlrZS1pbi10b3VyLXBhY2thZ2VzLXNwYXJrcy1jb25jZXJuLWFtb25nLWNvcy0xMTY4NDY5MjY2Njk5OS5odG1s0gFyaHR0cHM6Ly93d3cubGl2ZW1pbnQuY29tL2NvbXBhbmllcy9uZXdzL3Rjcy1oaWtlLWluLXRvdXItcGFja2FnZXMtc3BhcmtzLWNvbmNlcm4tYW1vbmctY29zL2FtcC0xMTY4NDY5MjY2Njk5OS5odG1s?oc%3D5&gl=FR&hl=en-US&cm=2&pc=n&src=1
"TCS of 20% on international spends, credit cards unconstitutional, will be struck down: Sr Adv SS ... - Moneycontrol",Google News,2023-05-20T15:11:44Z,"<ol><li>TCS of 20% on international spends, credit cards unconstitutional, will be struck down: Sr Adv SS ...  Moneycontrol
</li><li>TCS hike in tour packages sparks concern among cos | Mint  Mint
</li><li>‘Twitter is new Jantar Mantar for protests,' say ne…",https://consent.google.com/ml?continue=https://news.google.com/rss/articles/CBMiowFodHRwczovL3d3dy5tb25leWNvbnRyb2wuY29tL25ld3MvdHJlbmRzL2xlZ2FsL3Rjcy1vbi1pbnRlcm5hdGlvbmFsLWNyZWRpdC1jYXJkcy11bmNvbnN0aXR1dGlvbmFsLWFuZC1taW5kbGVzcy13aWxsLWJlLXN0cnVjay1kb3duLXNyLWFkdi1zcy1uYWdhbmFuZC0xMDYzMDAwMS5odG1s0gGnAWh0dHBzOi8vd3d3Lm1vbmV5Y29udHJvbC5jb20vbmV3cy90cmVuZHMvbGVnYWwvdGNzLW9uLWludGVybmF0aW9uYWwtY3JlZGl0LWNhcmRzLXVuY29uc3RpdHV0aW9uYWwtYW5kLW1pbmRsZXNzLXdpbGwtYmUtc3RydWNrLWRvd24tc3ItYWR2LXNzLW5hZ2FuYW5kLTEwNjMwMDAxLmh0bWwvYW1w?oc%3D5&gl=FR&hl=en-US&cm=2&pc=n&src=1
Pure una Ferrari speciale per i 100 anni dell'Aeronautica Militare,Gazzetta.it,2023-06-01T09:30:39Z,"Matteo Cressoni, pilota italiano di gare GT, ha omaggiato l'anniversario dell'Aeronautica con una livrea inedita: c'è pure una dedica ad Alessio Ghersi, pilota della PAN recentemente scomparso",https://www.gazzetta.it/motori/la-mia-auto/01-06-2023/ferrari-488-challenge-evo-speciale-per-i-100-anni-dell-aeronautica-militare.shtml
TCS to hold Annual General Meeting on this date | Mint - Mint,Google News,2023-06-07T03:21:25Z,TCS to hold Annual General Meeting on this date | Mint  Mint,https://consent.google.com/ml?continue=https://news.google.com/rss/articles/CBMigwFodHRwczovL3d3dy5saXZlbWludC5jb20vY29tcGFuaWVzL25ld3MvdGNzLXRvLWhvbGQtYW5udWFsLWdlbmVyYWwtbWVldGluZy1vbi1qdW5lLTI5LXRhdGEtY29uc3VsdGFuY3ktc2VydmljZXMtMTE2ODYxMDcwMjA5NjYuaHRtbNIBhwFodHRwczovL3d3dy5saXZlbWludC5jb20vY29tcGFuaWVzL25ld3MvdGNzLXRvLWhvbGQtYW5udWFsLWdlbmVyYWwtbWVldGluZy1vbi1qdW5lLTI5LXRhdGEtY29uc3VsdGFuY3ktc2VydmljZXMvYW1wLTExNjg2MTA3MDIwOTY2Lmh0bWw?oc%3D5&gl=FR&hl=en-US&cm=2&pc=n&src=1
"TCS increase and Go First challenges impact travel industry, domestic demand strong: Thomas Cook",Moneycontrol,2023-05-19T13:12:10Z,"TCS will have a short-term impact and domestic travel will become the flavour for a month or two, said Thomas Cook India CEO. He added that the Go First issue is a challenging situation as there is no clarity on the airline resuming operations.",https://www.moneycontrol.com/news/trends/travel/tcs-increase-and-go-first-challenges-impact-travel-industry-domestic-demand-strong-thomas-cook-10624311.html
Stau am Gotthard: Mehr als eine Stunde Wartezeit in den Norden,Www.nzz.ch,2023-05-21T13:33:27Z,Am Sonntag endet das lange Auffahrtswochenende. Vor dem Südportal am Gotthard ist mit langen Wartezeiten zu rechnen.,https://www.nzz.ch/panorama/stau-am-gotthard-mehr-als-eine-stunde-wartezeit-in-den-norden-ld.1738957
"Travel agents not willing to work with Go First until clarity over refunds, business with low-cost airlines under doubt",Moneycontrol,2023-06-09T07:06:58Z,"Refunds of Rs 800-900 crore are stuck at the airline, claim travel agent associations; however, Go First says it has issued most refunds to travel agentsâ IDs. Travel agents are also vexed at the increase in tax collected at source to 20 percent.",https://www.moneycontrol.com/news/trends/travel/travel-agents-not-willing-to-work-with-go-first-until-clarity-over-refunds-business-with-low-cost-airlines-under-doubt-10769871.html
"TCS, Transamerica agree to end administration agreement earlier than planned - Moneycontrol",Google News,2023-06-16T06:22:35Z,"TCS, Transamerica agree to end administration agreement earlier than planned  MoneycontrolView Full coverage on Google News",https://consent.google.com/ml?continue=https://news.google.com/rss/articles/CBMijgFodHRwczovL3d3dy5tb25leWNvbnRyb2wuY29tL25ld3MvYnVzaW5lc3MvY29tcGFuaWVzL3Rjcy10cmFuc2FtZXJpY2EtYWdyZWUtdG8tZW5kLWFkbWluaXN0cmF0aW9uLWFncmVlbWVudC1lYXJsaWVyLXRoYW4tcGxhbm5lZC0xMDgwNzUyMS5odG1s0gGSAWh0dHBzOi8vd3d3Lm1vbmV5Y29udHJvbC5jb20vbmV3cy9idXNpbmVzcy9jb21wYW5pZXMvdGNzLXRyYW5zYW1lcmljYS1hZ3JlZS10by1lbmQtYWRtaW5pc3RyYXRpb24tYWdyZWVtZW50LWVhcmxpZXItdGhhbi1wbGFubmVkLTEwODA3NTIxLmh0bWwvYW1w?oc%3D5&gl=FR&hl=en-US&cm=2&pc=n&src=1
20 modèles de sièges auto pour enfants testés et notés,Caradisiac.com,2023-05-23T13:53:57Z,"Pour guider les jeunes parents dans l'achat d'un siège auto pour leur enfant, le Touring Club Suisse (TCS) vient de révéler les résultats de ses tests 2023. Vingt modèles de sièges auto différents ont été passés au crible en termes de sécurité, de facilité d’…",https://www.caradisiac.com/20-modeles-de-sieges-auto-pour-enfants-testes-et-notes-202570.htm
"Tata Consultancy Services led consortium secures ₹15,000 crore order from BSNL for nationwide 4G network deployment | Mint - Mint",Google News,2023-05-22T06:10:01Z,"<ol><li>Tata Consultancy Services led consortium secures ₹15,000 crore order from BSNL for nationwide 4G network deployment | Mint  Mint
</li><li>TCS bags Rs 15,000-crore BSNL deal to deploy 4G network across India  Moneycontrol
</li><li>TCS Wins Rs 15,000 …",https://consent.google.com/ml?continue=https://news.google.com/rss/articles/CBMirAFodHRwczovL3d3dy5saXZlbWludC5jb20vY29tcGFuaWVzL3RhdGEtY29uc3VsdGFuY3ktc2VydmljZXMtbGVkLWNvbnNvcnRpdW0tc2VjdXJlcy1ycy0xNS0wMDAtY3JvcmUtb3JkZXItZnJvbS1ic25sLWZvci1uYXRpb253aWRlLTRnLW5ldHdvcmstZGVwbG95bWVudC0xMTY4NDczNDk4MDE4OS5odG1s0gGwAWh0dHBzOi8vd3d3LmxpdmVtaW50LmNvbS9jb21wYW5pZXMvdGF0YS1jb25zdWx0YW5jeS1zZXJ2aWNlcy1sZWQtY29uc29ydGl1bS1zZWN1cmVzLXJzLTE1LTAwMC1jcm9yZS1vcmRlci1mcm9tLWJzbmwtZm9yLW5hdGlvbndpZGUtNGctbmV0d29yay1kZXBsb3ltZW50L2FtcC0xMTY4NDczNDk4MDE4OS5odG1s?oc%3D5&gl=FR&hl=en-US&cm=2&pc=n&src=1
"TCS on international credit card transactions to increase financial, compliance burden for individual... - Moneycontrol",Google News,2023-05-19T05:08:16Z,"<ol><li>TCS on international credit card transactions to increase financial, compliance burden for individual...  Moneycontrol
</li><li>Why is ‘20% TCS’ on Credit Card trending? Key points and implications to know  The Financial Express
</li><li>TCS on inte…",https://consent.google.com/ml?continue=https://news.google.com/rss/articles/CBMiuQFodHRwczovL3d3dy5tb25leWNvbnRyb2wuY29tL25ld3MvYnVzaW5lc3MvcGVyc29uYWwtZmluYW5jZS90Y3Mtb24taW50ZXJuYXRpb25hbC1jcmVkaXQtY2FyZC10cmFuc2FjdGlvbnMtdG8taW5jcmVhc2UtZmluYW5jaWFsLWNvbXBsaWFuY2UtYnVyZGVuLWZvci1pbmRpdmlkdWFsLXRyYXZlbGxlcnMtMTA2MjA0MzEuaHRtbNIBvQFodHRwczovL3d3dy5tb25leWNvbnRyb2wuY29tL25ld3MvYnVzaW5lc3MvcGVyc29uYWwtZmluYW5jZS90Y3Mtb24taW50ZXJuYXRpb25hbC1jcmVkaXQtY2FyZC10cmFuc2FjdGlvbnMtdG8taW5jcmVhc2UtZmluYW5jaWFsLWNvbXBsaWFuY2UtYnVyZGVuLWZvci1pbmRpdmlkdWFsLXRyYXZlbGxlcnMtMTA2MjA0MzEuaHRtbC9hbXA?oc%3D5&gl=FR&hl=en-US&cm=2&pc=n&src=1
"Spend up to ₹7 lakh outside India with your international debit, credit cards without worrying about TCS | Mint - Mint",Google News,2023-05-20T03:10:41Z,"<ol><li>Spend up to ₹7 lakh outside India with your international debit, credit cards without worrying about TCS | Mint  Mint
</li><li>No levy on card payments up to Rs 7 lakh overseas, Finmin says after backlash on 20% tax rule  Moneycontrol
</li><li>20% T…",https://consent.google.com/ml?continue=https://news.google.com/rss/articles/CBMirQFodHRwczovL3d3dy5saXZlbWludC5jb20vbW9uZXkvcGVyc29uYWwtZmluYW5jZS9zcGVuZC11cC10by1ycy03LWxha2gtb3V0c2lkZS1pbmRpYS13aXRoLXlvdXItaW50ZXJuYXRpb25hbC1kZWJpdC1jcmVkaXQtY2FyZHMtd2l0aG91dC13b3JyeWluZy1hYm91dC10Y3MtMTE2ODQ1NTAzMjA0OTAuaHRtbNIBsQFodHRwczovL3d3dy5saXZlbWludC5jb20vbW9uZXkvcGVyc29uYWwtZmluYW5jZS9zcGVuZC11cC10by1ycy03LWxha2gtb3V0c2lkZS1pbmRpYS13aXRoLXlvdXItaW50ZXJuYXRpb25hbC1kZWJpdC1jcmVkaXQtY2FyZHMtd2l0aG91dC13b3JyeWluZy1hYm91dC10Y3MvYW1wLTExNjg0NTUwMzIwNDkwLmh0bWw?oc%3D5&gl=FR&hl=en-US&cm=2&pc=n&src=1
No TCS on overseas spending up to Rs 7 lakh per year by credit or debit cards: GOI - The Economic Times,Google News,2023-05-19T14:05:00Z,"<ol><li>No TCS on overseas spending up to Rs 7 lakh per year by credit or debit cards: GOI  The Economic Times
</li><li>20% TCS update: FinMin says no tax collection on foreign spending via cards for payments up to Rs 7 lakh  Moneycontrol
</li><li>20% TCS O…",https://consent.google.com/ml?continue=https://news.google.com/rss/articles/CBMipQFodHRwczovL20uZWNvbm9taWN0aW1lcy5jb20vbmV3cy9lY29ub215L3BvbGljeS9uby10Y3MtZGVkdWN0aW9uLW9uLW92ZXJzZWFzLXNwZW5kaW5nLXVwLXRvLXJzLTctbGFraC1wZXIteWVhci1ieS1jcmVkaXQtb3ItZGViaXQtY2FyZHMtZ29pL2FydGljbGVzaG93LzEwMDM2MDkyMy5jbXPSAakBaHR0cHM6Ly9tLmVjb25vbWljdGltZXMuY29tL25ld3MvZWNvbm9teS9wb2xpY3kvbm8tdGNzLWRlZHVjdGlvbi1vbi1vdmVyc2Vhcy1zcGVuZGluZy11cC10by1ycy03LWxha2gtcGVyLXllYXItYnktY3JlZGl0LW9yLWRlYml0LWNhcmRzLWdvaS9hbXBfYXJ0aWNsZXNob3cvMTAwMzYwOTIzLmNtcw?oc%3D5&gl=FR&hl=en-US&cm=2&pc=n&src=1
No TCS on overseas spending up to Rs 7 lakh per year by credit or debit cards: GOI - Economic Times,Google News,2023-05-19T14:05:00Z,"<ol><li>No TCS on overseas spending up to Rs 7 lakh per year by credit or debit cards: GOI  Economic Times
</li><li>20% TCS update: FinMin says no tax collection on foreign spending via cards for payments up to Rs 7 lakh  Moneycontrol
</li><li>20% TCS On In…",https://consent.google.com/ml?continue=https://news.google.com/rss/articles/CBMirgFodHRwczovL2Vjb25vbWljdGltZXMuaW5kaWF0aW1lcy5jb20vbmV3cy9lY29ub215L3BvbGljeS9uby10Y3MtZGVkdWN0aW9uLW9uLW92ZXJzZWFzLXNwZW5kaW5nLXVwLXRvLXJzLTctbGFraC1wZXIteWVhci1ieS1jcmVkaXQtb3ItZGViaXQtY2FyZHMtZ29pL2FydGljbGVzaG93LzEwMDM2MDkyMy5jbXPSAakBaHR0cHM6Ly9tLmVjb25vbWljdGltZXMuY29tL25ld3MvZWNvbm9teS9wb2xpY3kvbm8tdGNzLWRlZHVjdGlvbi1vbi1vdmVyc2Vhcy1zcGVuZGluZy11cC10by1ycy03LWxha2gtcGVyLXllYXItYnktY3JlZGl0LW9yLWRlYml0LWNhcmRzLWdvaS9hbXBfYXJ0aWNsZXNob3cvMTAwMzYwOTIzLmNtcw?oc%3D5&gl=FR&hl=en-US&cm=2&pc=n&src=1
$10 off Crust Pizza Orders on 13 June 2023,Ozbargain.com.au,2023-06-12T12:54:42Z,"Found on Facebook on the crust pizza page.

GET IN QUICK! For one day only, get $10 OFF when you spend $40 at Crust.
TCs apply. Valid 13.06.2023 on Pick up orders only.",https://www.ozbargain.com.au/node/781036
"Seven of India Inc top-10 add Rs 1.51 lakh crore to market value; Reliance, TCS lead gainers - Moneycontrol",Google News,2023-05-28T05:36:42Z,"Seven of India Inc top-10 add Rs 1.51 lakh crore to market value; Reliance, TCS lead gainers  MoneycontrolView Full coverage on Google News",https://consent.google.com/ml?continue=https://news.google.com/rss/articles/CBMilAFodHRwczovL3d3dy5tb25leWNvbnRyb2wuY29tL25ld3MvYnVzaW5lc3MvbWNhcC1vZi03LW9mLXRvcC0xMC1tb3N0LXZhbHVlZC1maXJtcy1qdW1wcy1ycy0xLTUxLWxha2gtY3JvcmUtcmVsaWFuY2UtdGNzLWJpZ2dlc3QtZ2FpbmVycy0xMDY3NzgyMS5odG1s0gEA?oc%3D5&gl=FR&hl=en-US&cm=2&pc=n&src=1
Ashneer Grover says paying tax is a punishment: #39;Taxpayers are doing charity in this country#39;,Moneycontrol,2023-06-12T07:50:21Z,Ashneer Grover added in a separate video that reducing tax rate in India would be his priority whenever he becomes a politician.,https://www.moneycontrol.com/news/trends/ashneer-grover-paying-tax-is-punishment-taxpayers-are-doing-charity-10782071.html
Auto: In diesen Ländern lohnt sich das Tanken im Urlaub,Wirtschafts Woche,2023-05-26T06:37:20Z,Das Tanken im Auslandsurlaub kann sich lohnen: Je nach Land und Kraftstoff sind bei einer Tankfüllung auch mal 20 Euro Ersparnis möglich – aber in welchen Nachbarländern lohnt sich der Trip zur Zapfsäule am meisten?,https://www.wiwo.de/unternehmen/handel/spritpreise-in-diesen-laendern-lohnt-sich-das-tanken-im-urlaub/29170760.html
"Mcap of 6 of top 10 most-valued firms fall by Rs 83,637.96 cr; TCS biggest laggard - The Economic Times",Google News,2023-06-11T06:04:00Z,"Mcap of 6 of top 10 most-valued firms fall by Rs 83,637.96 cr; TCS biggest laggard  The Economic TimesView Full coverage on Google News",https://consent.google.com/ml?continue=https://news.google.com/rss/articles/CBMimgFodHRwczovL20uZWNvbm9taWN0aW1lcy5jb20vbWFya2V0cy9zdG9ja3MvbmV3cy9tY2FwLW9mLTYtb2YtdG9wLTEwLW1vc3QtdmFsdWVkLWZpcm1zLWZhbGwtYnktcnMtODM2MzctOTYtY3ItdGNzLWJpZ2dlc3QtbGFnZ2FyZC9hcnRpY2xlc2hvdy8xMDA5MTEzODQuY21z0gGeAWh0dHBzOi8vbS5lY29ub21pY3RpbWVzLmNvbS9tYXJrZXRzL3N0b2Nrcy9uZXdzL21jYXAtb2YtNi1vZi10b3AtMTAtbW9zdC12YWx1ZWQtZmlybXMtZmFsbC1ieS1ycy04MzYzNy05Ni1jci10Y3MtYmlnZ2VzdC1sYWdnYXJkL2FtcF9hcnRpY2xlc2hvdy8xMDA5MTEzODQuY21z?oc%3D5&gl=FR&hl=en-US&cm=2&pc=n&src=1
Российские индексы завершили торги разнонаправленно,Tass.ru,2023-05-22T16:48:15Z,На рынке акций лидерство захватили депозитарные расписки группы TCS,https://tass.ru/ekonomika/17814881
Чистая прибыль группы «Тинькофф» в I квартале выросла более чем в 11 раз,Fontanka.ru,2023-05-24T15:38:00Z,Контролирующая Тинькофф Банк TCS Group опубликовала финансовые результаты по итогам I квартала 2023 года.,https://www.fontanka.ru/2023/05/24/72334250/
Govt move to impose 20% TCS on credit card spends abroad leaves holidayers in a fix - The Economic Times,Google News,2023-05-19T01:30:00Z,"<ol><li>Govt move to impose 20% TCS on credit card spends abroad leaves holidayers in a fix  The Economic Times
</li><li>Why is ‘20% TCS’ on Credit Card trending? Key points and implications to know  The Financial Express
</li><li>Foreign Travel To Get Expe…",https://consent.google.com/ml?continue=https://news.google.com/rss/articles/CBMikgFodHRwczovL20uZWNvbm9taWN0aW1lcy5jb20vbnJpL3Zpc2l0L2dvdnQtbW92ZS10by1pbXBvc2UtMjAtdGNzLW9uLWNyZWRpdC1jYXJkLXNwZW5kcy1hYnJvYWQtbGVhdmVzLWhvbGlkYXllcnMtaW4tYS1maXgvYXJ0aWNsZXNob3cvMTAwMzQxNzQwLmNtc9IBlwFodHRwczovL20uZWNvbm9taWN0aW1lcy5jb20vbnJpL2ludmVzdC9nb3Z0LW1vdmUtdG8taW1wb3NlLTIwLXRjcy1vbi1jcmVkaXQtY2FyZC1zcGVuZHMtYWJyb2FkLWxlYXZlcy1ob2xpZGF5ZXJzLWluLWEtZml4L2FtcF9hcnRpY2xlc2hvdy8xMDAzNDE3NDAuY21z?oc%3D5&gl=FR&hl=en-US&cm=2&pc=n&src=1
Govt move to impose 20% TCS on credit card spends abroad leaves holidayers in a fix - The Economic Times,Google News,2023-05-19T01:30:00Z,"<ol><li>Govt move to impose 20% TCS on credit card spends abroad leaves holidayers in a fix  The Economic Times
</li><li>Why is ‘20% TCS’ on Credit Card trending? Key points and implications to know  The Financial Express
</li><li>Remittances for travel and…",https://consent.google.com/ml?continue=https://news.google.com/rss/articles/CBMikgFodHRwczovL20uZWNvbm9taWN0aW1lcy5jb20vbnJpL3Zpc2l0L2dvdnQtbW92ZS10by1pbXBvc2UtMjAtdGNzLW9uLWNyZWRpdC1jYXJkLXNwZW5kcy1hYnJvYWQtbGVhdmVzLWhvbGlkYXllcnMtaW4tYS1maXgvYXJ0aWNsZXNob3cvMTAwMzQxNzQwLmNtc9IBlgFodHRwczovL20uZWNvbm9taWN0aW1lcy5jb20vbnJpL3Zpc2l0L2dvdnQtbW92ZS10by1pbXBvc2UtMjAtdGNzLW9uLWNyZWRpdC1jYXJkLXNwZW5kcy1hYnJvYWQtbGVhdmVzLWhvbGlkYXllcnMtaW4tYS1maXgvYW1wX2FydGljbGVzaG93LzEwMDM0MTc0MC5jbXM?oc%3D5&gl=FR&hl=en-US&cm=2&pc=n&src=1
"Investors Crowd Into Yelp Stock After TCS Capital Discloses Stake, Pushes for PE Sale or Angi Merger",Fintel.io,2023-05-25T02:27:47Z,Online crowd-sourced review website Yelp has found itself under the scrutiny of activist investor TCS Capital Management.,https://fintel.io/news/investors-crowd-into-yelp-after-tcs-capital-discloses-stake-and-pushes-for-pe
"Pixel-8-Chip: Tensor G3 bekommt neue Arm-Kerne, Raytracing und AV1",ComputerBase,2023-06-05T08:56:00Z,"Das Pixel 8 dürfte im Herbst mit einem deutlich überarbeiteten Tensor-Chip aus eigener Entwicklung auf den Markt kommen. Google wird laut einem Bericht von Android Authority für den Tensor G3 auf aktuelle Arm-Kerne wie den Cortex-X3, eine GPU mit Raytracing, …",https://www.computerbase.de/2023-06/pixel-8-chip-tensor-g3-bekommt-neue-arm-kerne-raytracing-und-av1/
"Formula E at Jakarta: How to watch, stream, preview for the Gulavit Jakarta E-Prix",CBS Sports,2023-06-02T18:16:38Z,Formula E doubles up in Jakarta with Nick Cassidy atop the World Championship standings,https://www.cbssports.com/motor-sports/news/formula-e-at-jakarta-how-to-watch-stream-preview-for-the-gulavit-jakarta-e-prix/
Nikon Z 1.4x and 2.0x Teleconverters Review,Photographylife.com,2023-05-22T22:00:30Z,"Today, I'll be reviewing Nikon's first teleconverters for the Z mirrorless system: the TC-1.4x and TC-2.0x. These two teleconverters multiply your focal length by 1.4× and 2.0× respectively, albeit at the expense of some light. How do the two TCs hold up in p…",https://photographylife.com/reviews/nikon-z-1-4x-2-0x-teleconverters
"No TCS on foreign debit & credit card transactions up to Rs 7 lakh, clarifies Union govt - ThePrint",Google News,2023-05-19T14:33:28Z,"<ol><li>No TCS on foreign debit & credit card transactions up to Rs 7 lakh, clarifies Union govt  ThePrint
</li><li>No levy on card payments up to Rs 7 lakh overseas, Finmin says after backlash on 20% tax rule  Moneycontrol
</li><li>How will tax on foreign …",https://consent.google.com/ml?continue=https://news.google.com/rss/articles/CBMiemh0dHBzOi8vdGhlcHJpbnQuaW4vZWNvbm9teS9uby10Y3Mtb24tZm9yZWlnbi1kZWJpdC1jcmVkaXQtY2FyZC10cmFuc2FjdGlvbnMtdXAtdG8tcnMtNy1sYWtoLWNsYXJpZmllcy11bmlvbi1nb3Z0LzE1ODQwMDgv0gF-aHR0cHM6Ly90aGVwcmludC5pbi9lY29ub215L25vLXRjcy1vbi1mb3JlaWduLWRlYml0LWNyZWRpdC1jYXJkLXRyYW5zYWN0aW9ucy11cC10by1ycy03LWxha2gtY2xhcmlmaWVzLXVuaW9uLWdvdnQvMTU4NDAwOC8_YW1w?oc%3D5%26hl%3Den-CA%26gl%3DCA%26ceid%3DCA:en&gl=FR&hl=en-CA&cm=2&pc=n&src=1
"No TCS on LRS transactions upto Rs 7 lakh via international debit, credit cards - CNBCTV18",Google News,2023-05-19T13:53:44Z,"<ol><li>No TCS on LRS transactions upto Rs 7 lakh via international debit, credit cards  CNBCTV18
</li><li>20% TCS On International Credit Card Spends: The How, What, Why Answered! | Experts' Take  moneycontrol
</li><li>How will tax on foreign tour spends o…",https://consent.google.com/ml?continue=https://news.google.com/rss/articles/CBMihQFodHRwczovL3d3dy5jbmJjdHYxOC5jb20vcGVyc29uYWwtZmluYW5jZS9uby10Y3Mtb24tbHJzLXRyYW5zYWN0aW9ucy11cHRvLXJzLTctbGFraC12aWEtaW50ZXJuYXRpb25hbC1kZWJpdC1jcmVkaXQtY2FyZHMtMTY3MTMzNzEuaHRt0gGJAWh0dHBzOi8vd3d3LmNuYmN0djE4LmNvbS9wZXJzb25hbC1maW5hbmNlL25vLXRjcy1vbi1scnMtdHJhbnNhY3Rpb25zLXVwdG8tcnMtNy1sYWtoLXZpYS1pbnRlcm5hdGlvbmFsLWRlYml0LWNyZWRpdC1jYXJkcy0xNjcxMzM3MS5odG0vYW1w?oc%3D5&gl=FR&hl=en-US&cm=2&pc=n&src=1
No TCS on overseas card spends up to Rs 7 lakh: Finance ministry - Indiatimes.com,Google News,2023-05-19T23:44:00Z,"<ol><li>No TCS on overseas card spends up to Rs 7 lakh: Finance ministry  Indiatimes.com
</li><li>No levy on card payments up to Rs 7 lakh overseas, Finmin says after backlash on 20% tax rule  Moneycontrol
</li><li>20% TCS On International Credit Card Spend…",https://consent.google.com/ml?continue=https://news.google.com/rss/articles/CBMijAFodHRwczovL20udGltZXNvZmluZGlhLmNvbS9idXNpbmVzcy9pbmRpYS1idXNpbmVzcy9uby10Y3Mtb24tb3ZlcnNlYXMtY2FyZC1zcGVuZHMtdXAtdG8tcnMtNy1sYWtoLWZpbmFuY2UtbWluaXN0cnkvYXJ0aWNsZXNob3cvMTAwMzY3MzQ3LmNtc9IBkAFodHRwczovL20udGltZXNvZmluZGlhLmNvbS9idXNpbmVzcy9pbmRpYS1idXNpbmVzcy9uby10Y3Mtb24tb3ZlcnNlYXMtY2FyZC1zcGVuZHMtdXAtdG8tcnMtNy1sYWtoLWZpbmFuY2UtbWluaXN0cnkvYW1wX2FydGljbGVzaG93LzEwMDM2NzM0Ny5jbXM?oc%3D5&gl=FR&hl=en-US&cm=2&pc=n&src=1
Ahead of Market: 10 things that will decide D-Street action on Monday - Economic Times,Google News,2023-05-28T11:24:00Z,"<ol><li>Ahead of Market: 10 things that will decide D-Street action on Monday  Economic Times
</li><li>Trade setup for Monday: Top 15 things to know before the opening bell  Moneycontrol
</li><li>Nifty Bank Bulls Overpower Bears, 'Buy' Signal Reinforced: Le…",https://consent.google.com/ml?continue=https://news.google.com/rss/articles/CBMilwFodHRwczovL2Vjb25vbWljdGltZXMuaW5kaWF0aW1lcy5jb20vbWFya2V0cy9zdG9ja3MvbmV3cy9haGVhZC1vZi1tYXJrZXQtMTAtdGhpbmdzLXRoYXQtd2lsbC1kZWNpZGUtZC1zdHJlZXQtYWN0aW9uLW9uLW1vbmRheS9hcnRpY2xlc2hvdy8xMDA1Njk0NDEuY21z0gGSAWh0dHBzOi8vbS5lY29ub21pY3RpbWVzLmNvbS9tYXJrZXRzL3N0b2Nrcy9uZXdzL2FoZWFkLW9mLW1hcmtldC0xMC10aGluZ3MtdGhhdC13aWxsLWRlY2lkZS1kLXN0cmVldC1hY3Rpb24tb24tbW9uZGF5L2FtcF9hcnRpY2xlc2hvdy8xMDA1Njk0NDEuY21z?oc%3D5&gl=FR&hl=en-US&cm=2&pc=n&src=1
"Nifty Bank Bulls Overpower Bears, 'Buy' Signal Reinforced: Levels in Focus - Investing.com India",Google News,2023-05-28T14:42:06Z,"<ol><li>Nifty Bank Bulls Overpower Bears, 'Buy' Signal Reinforced: Levels in Focus  Investing.com India
</li><li>Trade setup for Monday: Top 15 things to know before the opening bell  Moneycontrol
</li><li>Market Trading Guide: TCS, PVR among 6 stock recomm…",https://consent.google.com/ml?continue=https://news.google.com/rss/articles/CBMibGh0dHBzOi8vaW4uaW52ZXN0aW5nLmNvbS9uZXdzL25pZnR5LWJhbmstYnVsbHMtb3ZlcnBvd2VyLWJlYXJzLWJ1eS1zaWduYWwtcmVpbmZvcmNlZC1sZXZlbHMtaW4tZm9jdXMtMzY2MjYyOdIBAA?oc%3D5%26hl%3Den-CA%26gl%3DCA%26ceid%3DCA:en&gl=FR&hl=en-CA&cm=2&pc=n&src=1
Credit card spends in foreign currency to attract 20% TCS - Economic Times,Google News,2023-05-19T01:59:00Z,"<ol><li>Credit card spends in foreign currency to attract 20% TCS  Economic Times
</li><li>Why is ‘20% TCS’ on Credit Card trending? Key points and implications to know  The Financial Express
</li><li>How will tax on foreign tour spends on credit cards affe…",https://consent.google.com/ml?continue=https://news.google.com/rss/articles/CBMimAFodHRwczovL2Vjb25vbWljdGltZXMuaW5kaWF0aW1lcy5jb20vaW5kdXN0cnkvYmFua2luZy9maW5hbmNlL2JhbmtpbmcvY3JlZGl0LWNhcmQtc3BlbmRzLWluLWZvcmVpZ24tY3VycmVuY3ktdG8tYXR0cmFjdC0yMC10Y3MvYXJ0aWNsZXNob3cvMTAwMzQyMDQ2LmNtc9IBkwFodHRwczovL20uZWNvbm9taWN0aW1lcy5jb20vaW5kdXN0cnkvYmFua2luZy9maW5hbmNlL2JhbmtpbmcvY3JlZGl0LWNhcmQtc3BlbmRzLWluLWZvcmVpZ24tY3VycmVuY3ktdG8tYXR0cmFjdC0yMC10Y3MvYW1wX2FydGljbGVzaG93LzEwMDM0MjA0Ni5jbXM?oc%3D5&gl=FR&hl=en-US&cm=2&pc=n&src=1
"Taking Stock: Market ends with moderate gains amid volatility; realty, auto, metals gain",Moneycontrol,2023-06-02T10:23:28Z,"For the week, the Sensex as well as the Nifty ended on a flat note",https://www.moneycontrol.com/news/business/markets/taking-stock-market-ends-with-moderate-gains-amid-volatility-realty-auto-metals-gain-10733131.html
Plenário do STF decide se TCs podem analisar constitucionalidade,Conjur.com.br,2023-06-13T22:35:00Z,"A 2ª Turma do Supremo Tribunal Federal, por maioria de votos, afetou nesta terça-feira (13/6) ao Plenário da corte o processo que discute se Tribunais de Contas podem analisar a constitucionalidade de leis municipais.
Gilmar sustentou que Plenário
deve rever …",https://www.conjur.com.br/2023-jun-13/plenario-stf-decide-tcs-podem-analisar-constitucionalidade2
ITC and TCS among top dividend-paying stocks in Asia Pacific: CLSA - Moneycontrol,Google News,2023-06-03T12:00:15Z,"<ol><li>ITC and TCS among top dividend-paying stocks in Asia Pacific: CLSA  Moneycontrol
</li><li>5 PSU stocks distribute over Rs 56000 crores as dividends in FY23; Do you hold any?  Trade Brains
</li><li>PSU stocks: SAIL, NMDC, IOCL, others paying high div…",https://consent.google.com/ml?continue=https://news.google.com/rss/articles/CBMiggFodHRwczovL3d3dy5tb25leWNvbnRyb2wuY29tL25ld3MvYnVzaW5lc3MvbWFya2V0cy9pdGMtYW5kLXRjcy1hbW9uZy10b3AtZGl2aWRlbmQtcGF5aW5nLXN0b2Nrcy1pbi1hc2lhLXBhY2lmaWMtY2xzYS0xMDczNjUxMS5odG1s0gGGAWh0dHBzOi8vd3d3Lm1vbmV5Y29udHJvbC5jb20vbmV3cy9idXNpbmVzcy9tYXJrZXRzL2l0Yy1hbmQtdGNzLWFtb25nLXRvcC1kaXZpZGVuZC1wYXlpbmctc3RvY2tzLWluLWFzaWEtcGFjaWZpYy1jbHNhLTEwNzM2NTExLmh0bWwvYW1w?oc%3D5%26hl%3Den-CA%26gl%3DCA%26ceid%3DCA:en&gl=FR&hl=en-CA&cm=2&pc=n&src=1
Tipp für Pfingsten: Im Auslandsurlaub tankt es sich oft billiger,Faz.net,2023-05-26T05:56:27Z,Ein Besuch an den Zapfsäulen der EU-Nachbarländern kann sich lohnen. Wo es über die Pfingstferien an der Tankstelle im Ausland besonders günstig wird und wo der Tankstopp noch vor der Grenze klug wäre.,https://www.faz.net/aktuell/wirtschaft/im-auslandsurlaub-tankt-es-sich-oft-billiger-18920460.html
Tax authorities don’t need TCS to catch evaders,Livemint,2023-05-22T06:15:27Z,Robust audit trails are already available for any transaction under the liberalised remittance scheme. What’s missing is diligent scrutiny of them by the income tax department,https://www.livemint.com/opinion/online-views/tax-authorities-don-t-need-tcs-to-catch-evaders-11684735507336.html
Günther regala la prima vittoria in Formula E a Maserati. Porsche e Jaguar si contendono il mondiale,Hwupgrade.it,2023-06-05T14:53:02Z,"Nel doppio appuntamento di Jakarta la monoposto italiana è sembrata in ottima forma, così come il suo pilota Max Günther, sul podio entrambe le volte, la seconda sul gradino più alto",https://auto.hwupgrade.it/news/auto-elettriche/gunther-regala-la-prima-vittoria-in-formula-e-a-maserati-porsche-e-jaguar-si-contendono-il-mondiale_117353.html
"Weekly Recap: Adani group gets a clean chit, TCS partners with Google and More - Trade Brains",Google News,2023-05-27T06:56:15Z,"<ol><li>Weekly Recap: Adani group gets a clean chit, TCS partners with Google and More  Trade Brains
</li><li>D-Street investors turn richer by Rs 2.2 lakh cr. What sparked today's rally  The Economic Times
</li><li>Sensex rises 630 pts, Nifty at 18,500: 6 …",https://consent.google.com/ml?continue=https://news.google.com/rss/articles/CBMibWh0dHBzOi8vdHJhZGVicmFpbnMuaW4vZmVhdHVyZXMvd2Vla2x5LXJlY2FwLWFkYW5pLWdyb3VwLWdldHMtYS1jbGVhbi1jaGl0LXRjcy1wYXJ0bmVycy13aXRoLWdvb2dsZS1hbmQtbW9yZS_SAQA?oc%3D5&gl=FR&hl=en-US&cm=2&pc=n&src=1
Why governments love private consultants and their ‘billables’,Al Jazeera English,2023-06-01T10:16:42Z,"Multinational consultancies claim to offer expertise, but often it's a confidence trick. The victim? Taxpayers.",https://www.aljazeera.com/opinions/2023/6/1/why-governments-love-private-consultants-and-their-billables
TCS Interview Experience for Software Engineer,Geeksforgeeks.org,2023-05-23T12:22:21Z,Interview Experience at TCS Date  April 30  2023Position  Software Engineer I arrived at the TCS office 15 minutes early for my interview for the position of Software Engineer. As I entered the lobby  I was greeted by the receptionist who directed me to the w…,https://www.geeksforgeeks.org/tcs-interview-experience-for-software-engineer/
Yelp Jumps Most Since August on Report Activist Urges Sale,Yahoo Entertainment,2023-05-23T13:49:31Z,(Bloomberg) -- Yelp Inc. shares rose the most since August following a Wall Street Journal report that an activist investor has called for the company to...,https://finance.yahoo.com/news/yelp-shares-surge-activist-pushes-001337901.html
Расписки TCS Group на Мосбирже растут более чем на 5%,Tass.ru,2023-05-24T14:46:07Z,,https://tass.ru/ekonomika/17834257
Индексы Мосбиржи и РТС торговались разнонаправленно,Tass.ru,2023-06-08T16:49:04Z,"Наибольший рост к завершению сессии показывали бумаги НМТП, котировки ""Яндекса"", акции ""Русснефти"", привилегированные акции ""Транснефти"", расписки TCS Group и привилегированные акции ""Сургутнефтегаза""",https://tass.ru/ekonomika/17967765
Bloomberg: миллиардеры из-за санкций переориентировали инвестиции на российский рынок,Kommersant.ru,2023-06-09T05:55:12Z,"Крупнейшие российские миллиардеры продолжают получать доходы от дивидендов в условиях санкций, пишет Bloomberg. По данным агентства, пять бизнесменов из нефтяной, никелевой и минеральной отраслей с 2022 года получили около $10 млрд выплат от своих компаний.",https://www.kommersant.ru/doc/6030664
"Индексы Мосбиржи и РТС выросли на 0,29-0,5%",Tass.ru,2023-06-14T16:45:08Z,"Наибольший рост к завершению сессии показывали привилегированные акции ""Транснефти"", котировки ""Яндекса"", бумаги ""Россетей"", расписки TCS Group, акции ""ТГК-1"" и котировки ""Аэрофлота""",https://tass.ru/ekonomika/18012411
